Workbook

Sheet 00 - LEIA-ME
A1: HADASSA — CONTROLE P31
A3: P31 — MATERIAIS PARADOS / OBSOLETOS SEM TRATAMENTO
A5: OBJETIVO
A6: Controlar materiais parados, obsoletos, quebrados, riscados, incompletos ou sem identificação, evitando que itens de alto valor permaneçam indefinidamente no almoxarifado sem decisão.
A8: FLUXO OBRIGATÓRIO
A9: 1. IDENTIFICAR fisicamente o material.
A10: 2. REGISTRAR quantidade, código, condição e fotos.
A11: 3. DESCREVER objetivamente todos os problemas.
A12: 4. AVALIAR funcionamento, completude e segurança.
A13: 5. ESTIMAR custo de reparo/recuperação.
A14: 6. COMPARAR custo x valor de uso/venda/aproveitamento.
A15: 7. DEFINIR DESTINO e responsável pela decisão.
... A20: A planilha não serve apenas para 'dar baixa'. Ela cria rastreabilidade: o que era, qual problema tinha, quanto poderia valer, o que decidimos fazer, por quê e qual resultado obtivemos.

Sheet 01 - Inventário P31
A1: ID P31 | B1: Data | C1: Localização | D1: Categoria | E1: Material / Produto | F1: Modelo / Código | G1: Origem | H1: Qtd. | I1: Unid. | J1: Valor ref. unit. (R$) | K1: Valor ref. total (R$) | L1: Estado | M1: Completo? | N1: Problema principal | O1: Descrição detalhada | P1: Foto/Evidência | Q1: Tempo parado | R1: Prioridade | S1: Responsável | T1: Observações
A2: P31-0001 | C2: Almoxarifado | D2: Hidráulico | E2: Exemplo: conjunto hidráulico | F2: HID-001 | G2: Contêiner | H2: 1 | I2: un | J2: 800 | K2: =IF(OR(H2="",J2=""),"",H2*J2) | L2: Riscado | M2: Não | N2: Falta copo | O2: Riscos superficiais; mecanismo aparentemente funcional; falta copo. | P2: Inserir foto | Q2: >12 meses | R2: Alta | T2: Exemplo genérico.
A3: P31-0002 | C3: Almoxarifado | D3: Cuba | E3: Exemplo: cuba | F3: CUB-002 | G3: Contêiner | H3: 1 | I3: un | J3: 700 | K3: =IF(OR(H3="",J3=""),"",H3*J3) | L3: Trincado | M3: Não | N3: Trinca | O3: Trinca lateral; avaliar recuperação e segurança. | P3: Inserir foto | Q3: 6–12 meses | R3: Crítica | T3: Exemplo genérico.
A4: P31-0003 | C4: Almoxarifado | D4: Componente | E4: Exemplo: copo hidráulico | F4: COP-003 | G4: Contêiner | H4: 4 | I4: un | J4: 120 | K4: =IF(OR(H4="",J4=""),"",H4*J4) | L4: Bom | M4: Sim | N4: Sem problema relevante | O4: Peças completas e funcionais; podem servir como reposição. | P4: Inserir foto | Q4: 6–12 meses | R4: Média | T4: Exemplo genérico.
K5: =IF(OR(H5="",J5=""),"",H5*J5)
K6: =IF(OR(H6="",J6=""),"",H6*J6)
K7: =IF(OR(H7="",J7=""),"",H7*J7)
K8: =IF(OR(H8="",J8=""),"",H8*J8)
K9: =IF(OR(H9="",J9=""),"",H9*J9)
K10: =IF(OR(H10="",J10=""),"",H10*J10)
K11: =IF(OR(H11="",J11=""),"",H11*J11)
K12: =IF(OR(H12="",J12=""),"",H12*J12)
K13: =IF(OR(H13="",J13=""),"",H13*J13)
K14: =IF(OR(H14="",J14=""),"",H14*J14)
K15: =IF(OR(H15="",J15=""),"",H15*J15)
K16: =IF(OR(H16="",J16=""),"",H16*J16)
... K300: =IF(OR(H300="",J300=""),"",H300*J300)

Sheet 02 - Avaliação Técnica
A1: ID P31 | B1: Componente avaliado | C1: Funciona? | D1: Teste realizado | E1: Resultado | F1: Avarias | G1: Peças faltantes | H1: Precisa limpeza? | I1: Precisa reparo? | J1: Reparo sugerido | K1: Custo reparo (R$) | L1: Prazo | M1: Risco | N1: Pode usar como está? | O1: Pode usar após reparo? | P1: Pode servir como reposição? | Q1: Observação técnica | R1: Avaliador | S1: Data
A2: P31-0001 | B2: Mecanismo hidráulico | C2: Sim | D2: Acionamento manual | E2: Sobe/desce normalmente | F2: Risco no acabamento | G2: Copo | H2: Sim | I2: Não | K2: 0 | L2: Imediato | M2: Baixo | N2: Sim | O2: Sim | P2: Sim | Q2: Exemplo genérico: componente funcional. | R2: Técnico
A3: P31-0002 | B3: Cuba | C3: Não | D3: Inspeção visual | E3: Trinca visível | F3: Trinca lateral | G3: Suporte | H3: Não | I3: A avaliar | J3: Avaliar recuperação ou aproveitamento | K3: 250 | L3: 3 dias | M3: Alto | N3: Não | O3: A avaliar | P3: Talvez | Q3: Exemplo: não liberar antes da avaliação. | R3: Técnico

Sheet 03 - Matriz de Destino
A1: ID P31 | B1: Qtd. | C1: Valor referência total (R$) | D1: Custo recuperação (R$) | E1: Valor após recuperação (R$) | F1: Viabilidade econômica | G1: Uso interno | H1: Potencial de venda | I1: Aproveitamento de peças | J1: Destino recomendado | K1: Motivo da decisão | L1: Urgência | M1: Aprovador | N1: Data decisão | O1: Status
A2: P31-0001 | B2: 1 | C2: 800 | D2: 80 | E2: 500 | F2: Alta | G2: Sim | H2: Médio | I2: Alto | J2: RECUPERAR E USAR | K2: Reparo barato e componente funcional. | L2: Alta | M2: Direção | O2: Pendente
A3: P31-0002 | B3: 1 | C3: 700 | D3: 250 | E3: 300 | F3: Baixa | G3: Não | H3: Baixo | I3: Médio | J3: APROVEITAR PEÇAS / COMPONENTES | K3: Recuperação pode não compensar. | L3: Crítica | M3: Direção | O3: Pendente
A4: P31-0003 | B4: 4 | C4: 480 | D4: 0 | E4: 480 | F4: Alta | G4: Alto | H4: Médio | I4: Alto | J4: MANTER COMO REPOSIÇÃO | K4: Completo e útil para manutenção. | L4: Média | M4: Direção | O4: Pendente

Sheet 04 - Aproveitamento
A1: ID origem | B1: Componente retirado | C1: Qtd. aproveitável | D1: Unid. | E1: Condição | F1: Onde pode ser usado | G1: Compatibilidade | H1: Valor unit. estimado (R$) | I1: Valor total estimado (R$) | J1: Local de armazenamento | K1: Identificado? | L1: Responsável | M1: Observações
A2: P31-0002 | B2: Suporte metálico | C2: 1 | D2: un | E2: Bom | F2: Reposição de lavatório | G2: Modelos compatíveis | H2: 80 | I2: =IF(OR(C2="",H2=""),"",C2*H2) | J2: Gaveta A-03 | K2: Sim | M2: Exemplo genérico.
A3: P31-0002 | B3: Parafusos/fixadores | C3: 6 | D3: un | E3: Bom | F3: Manutenção | G3: Diversos | H3: 5 | I3: =IF(OR(C3="",H3=""),"",C3*H3) | J3: Gaveta B-02 | K3: Sim | M3: Exemplo genérico.
I4: =IF(OR(C4="",H4=""),"",C4*H4)
I5: =IF(OR(C5="",H5=""),"",C5*H5)
I6: =IF(OR(C6="",H6=""),"",C6*H6)
I7: =IF(OR(C7="",H7=""),"",C7*H7)
I8: =IF(OR(C8="",H8=""),"",C8*H8)
I9: =IF(OR(C9="",H9=""),"",C9*H9)
I10: =IF(OR(C10="",H10=""),"",C10*H10)
I11: =IF(OR(C11="",H11=""),"",C11*H11)
I12: =IF(OR(C12="",H12=""),"",C12*H12)
I13: =IF(OR(C13="",H13=""),"",C13*H13)
I14: =IF(OR(C14="",H14=""),"",C14*H14)
I15: =IF(OR(C15="",H15=""),"",C15*H15)
... I300: =IF(OR(C300="",H300=""),"",C300*H300)

Sheet 05 - Execução
A1: ID P31 | B1: Destino aprovado | C1: Qtd. aprovada | D1: Qtd. executada | E1: Data | F1: Valor recuperado (R$) | G1: Responsável | H1: Registro de saída | I1: Destino físico/final | J1: Status | K1: Observações
A2: P31-0001 | B2: RECUPERAR E USAR | C2: 1 | D2: 1 | F2: 500 | H2: OS-EXEMPLO-001 | I2: Produção | J2: Concluído | K2: Exemplo genérico.
A3: P31-0002 | B3: APROVEITAR PEÇAS / COMPONENTES | C3: 1 | D3: 0 | F3: 0 | H3: REG-EXEMPLO-002 | I3: Aproveitamento | J3: Em execução | K3: Aguardando desmontagem.

Sheet 06 - Dashboard
A1: P31 — PAINEL DE CONTROLE
A3: Itens/lotes cadastrados | B3: =COUNTA('01 - Inventário P31'!A2:A300) | D3: DESTINOS
A4: Quantidade total | B4: =SUM('01 - Inventário P31'!H2:H300) | D4: MANTER COMO ESTOQUE | E4: =COUNTIF('03 - Matriz de Destino'!J2:J300,D4)
A5: Valor referência total | B5: =SUM('01 - Inventário P31'!K2:K300) | D5: USAR INTERNAMENTE | E5: =COUNTIF('03 - Matriz de Destino'!J2:J300,D5)
A6: Prioridade crítica | B6: =COUNTIF('01 - Inventário P31'!R2:R300,"Crítica") | D6: RECUPERAR E USAR | E6: =COUNTIF('03 - Matriz de Destino'!J2:J300,D6)
A7: Prioridade alta | B7: =COUNTIF('01 - Inventário P31'!R2:R300,"Alta") | D7: RECUPERAR E VENDER | E7: =COUNTIF('03 - Matriz de Destino'!J2:J300,D7)
A8: Execuções concluídas | B8: =COUNTIF('05 - Execução'!J2:J300,"Concluído") | D8: VENDER NO ESTADO / OUTLET | E8: =COUNTIF('03 - Matriz de Destino'!J2:J300,D8)
A9: Valor recuperado | B9: =SUM('05 - Execução'!F2:F300) | D9: VENDER COMO PEÇA | E9: =COUNTIF('03 - Matriz de Destino'!J2:J300,D9)
D10: APROVEITAR PEÇAS / COMPONENTES | E10: =COUNTIF('03 - Matriz de Destino'!J2:J300,D10)
D11: USAR EM PROTÓTIPO / TESTE | E11: =COUNTIF('03 - Matriz de Destino'!J2:J300,D11)
D12: TRANSFORMAR / ADAPTAR | E12: =COUNTIF('03 - Matriz de Destino'!J2:J300,D12)
D13: DEVOLVER / NEGOCIAR COM FORNECEDOR | E13: =COUNTIF('03 - Matriz de Destino'!J2:J300,D13)
D14: SUCATEAR / DESCARTAR | E14: =COUNTIF('03 - Matriz de Destino'!J2:J300,D14)

Sheet 07 - Exemplos
A1: Situação genérica | B1: O que registrar | C1: Pergunta para decidir | D1: Destinos possíveis | E1: Evitar
A2: Hidráulico caro, funcional, riscado | B2: Fotos, funcionamento, riscos, peças faltantes | C2: Reparo custa quanto e quanto valor recupera? | D2: Recuperar e usar; recuperar e vender; outlet | E2: Descartar sem avaliar
A3: Cuba trincada | B3: Local/extensão da trinca, vazamento, segurança | C3: É recuperável com segurança e baixo custo? | D3: Recuperar; aproveitar peças; descartar | E3: Liberar para uso sem avaliação
A4: Sem copo | B4: Modelo, compatibilidade, quantidade faltante | C4: Tem copo compatível no estoque? Qual custo? | D4: Completar e vender; reposição; venda como peça | E4: Deixar parado indefinidamente
A5: Completo, mas obsoleto | B5: Idade, modelo, giro, compatibilidade | C5: Ainda tem uso ou mercado? | D5: Uso interno; outlet; parceiro | E5: Manter sem prazo de revisão
A6: Pequenos riscos | B6: Área afetada, condição funcional | C6: Problema é só estético? Reparo compensa? | D6: Recuperar; vender com condição informada | E6: Classificar automaticamente como sucata
A7: Caixa de peças misturadas | B7: Separar, contar, identificar | C7: Quais modelos são compatíveis? | D7: Reposição; cadastro por modelo | E7: Manter sem identificação
A8: Embalagem danificada, produto íntegro | B8: Condição do produto e embalagem | C8: Dá para reembalar? | D8: Reembalar; vender; usar internamente | E8: Descartar produto íntegro
A9: Produto incompleto com componentes bons | B9: Listar componentes aproveitáveis | C9: Quanto valem as peças separadamente? | D9: Aproveitamento; recuperação parcial | E9: Manter o conjunto ocupando espaço
